country,iso2,iso3,iso_numeric,year,source_mdr_new,source_drs_coverage_new,source_drs_year_new,e_new_mdr_pcnt,e_new_mdr_pcnt_lo,e_new_mdr_pcnt_hi,e_new_mdr_num,e_new_mdr_num_lo,e_new_mdr_num_hi,source_mdr_ret,source_drs_coverage_ret,source_drs_year_ret,e_ret_mdr_pcnt,e_ret_mdr_pcnt_lo,e_ret_mdr_pcnt_hi,e_ret_mdr_num,e_ret_mdr_num_lo,e_ret_mdr_num_hi,e_mdr_num,e_mdr_num_lo,e_mdr_num_hi
Afghanistan,AF,AFG,4,2014,Model,,2014,3.20,2.30,4.10,750.00,540.00,960.00,Model,,2014,17.00,11.00,23.00,360.00,240.00,490.00,1100.00,850.00,1400.00
Albania,AL,ALB,8,2014,Surveillance,National,2012,0.58,0.02,3.20,1.00,0.00,8.00,Surveillance,National,2012,0.00,0.00,22.00,0.00,0.00,4.00,1.00,0.00,4.00
Algeria,DZ,DZA,12,2014,Survey,National,2002,1.40,0.60,2.70,120.00,51.00,230.00,Survey,National,2002,9.10,1.10,29.00,51.00,6.00,160.00,170.00,53.00,290.00
American Samoa,AS,ASM,16,2014,Model,,2014,4.50,2.60,6.40,,,,Model,,2014,23.00,20.00,26.00,,,,,,
Andorra,AD,AND,20,2014,Surveillance,National,2014,0.00,0.00,71.00,0.00,0.00,2.00,Surveillance,National,2014,0.00,0.00,98.00,0.00,0.00,1.00,0.00,0.00,0.00
Angola,AO,AGO,24,2014,Model,,2014,1.70,0.30,3.10,800.00,140.00,1500.00,Model,,2014,17.00,4.40,30.00,740.00,190.00,1300.00,1500.00,630.00,2500.00
Anguilla,AI,AIA,660,2014,Model,,2014,2.50,1.20,3.80,0.00,0.00,0.00,Model,,2014,11.00,6.10,17.00,0.00,0.00,0.00,0.00,0.00,0.00
Antigua and Barbuda,AG,ATG,28,2014,Model,,2014,1.70,0.90,2.60,0.00,0.00,0.00,Model,,2014,13.00,11.00,15.00,0.00,0.00,0.00,0.00,0.00,0.00
Argentina,AR,ARG,32,2014,Survey,National,2005,2.20,1.20,3.60,160.00,92.00,270.00,Survey,National,2005,15.00,9.80,23.00,200.00,120.00,290.00,360.00,240.00,480.00
Armenia,AM,ARM,51,2014,Survey,National,2007,9.40,7.00,12.00,74.00,56.00,98.00,Survey,National,2007,43.00,38.00,49.00,90.00,79.00,100.00,160.00,140.00,190.00
Aruba,AW,ABW,533,2014,Model,,2014,1.70,0.90,2.60,0.00,0.00,0.00,Model,,2014,13.00,11.00,15.00,,,,0.00,0.00,0.00
Australia,AU,AUS,36,2014,Surveillance,National,2014,1.70,0.86,3.00,14.00,7.00,24.00,Surveillance,National,2014,10.00,2.80,24.00,6.00,2.00,13.00,19.00,10.00,29.00
Austria,AT,AUT,40,2014,Surveillance,National,2014,2.70,1.10,5.50,12.00,5.00,24.00,Surveillance,National,2014,37.00,16.00,62.00,11.00,5.00,18.00,23.00,12.00,34.00
Azerbaijan,AZ,AZE,31,2014,Survey,National,2013,13.00,10.00,16.00,470.00,370.00,580.00,Survey,National,2013,28.00,22.00,34.00,830.00,660.00,1000.00,1300.00,1100.00,1500.00
Bahamas,BS,BHS,44,2014,Surveillance,National,2012,3.70,0.09,19.00,2.00,0.00,9.00,Surveillance,National,2013,0.00,0.00,71.00,0.00,0.00,3.00,2.00,0.00,5.00
Bahrain,BH,BHR,48,2014,Surveillance,National,2012,1.90,0.39,5.40,,,,Surveillance,National,2012,100.00,2.50,100.00,,,,,,
Bangladesh,BD,BGD,50,2014,Survey,National,2011,1.40,0.70,2.50,2100.00,1000.00,3700.00,Survey,National,2011,29.00,24.00,34.00,2700.00,2200.00,3200.00,4800.00,3400.00,6200.00
Barbados,BB,BRB,52,2014,Surveillance,National,2014,0.00,0.00,71.00,0.00,0.00,3.00,Surveillance,National,2014,0.00,0.00,0.00,0.00,0.00,0.00,0.00,0.00,3.00
Belarus,BY,BLR,112,2014,Surveillance,National,2014,34.00,32.00,36.00,990.00,930.00,1100.00,Surveillance,National,2014,69.00,66.00,72.00,720.00,680.00,750.00,1700.00,1600.00,1800.00
Belgium,BE,BEL,56,2014,Surveillance,National,2013,1.80,0.71,3.60,11.00,4.00,22.00,Surveillance,National,2013,2.40,0.06,13.00,2.00,0.00,9.00,13.00,4.00,22.00
Belize,BZ,BLZ,84,2014,Model,,2014,2.50,1.20,3.80,2.00,1.00,2.00,Surveillance,National,2013,100.00,29.00,100.00,17.00,5.00,17.00,19.00,18.00,19.00
Benin,BJ,BEN,204,2014,Survey,National,2010,0.50,0.10,2.00,17.00,3.00,68.00,Surveillance,National,2014,4.80,2.10,9.30,11.00,5.00,21.00,28.00,0.00,60.00
Bermuda,BM,BMU,60,2014,Surveillance,National,2012,0.00,0.00,84.00,0.00,0.00,0.00,Surveillance,National,2012,0.00,0.00,0.00,0.00,0.00,0.00,0.00,0.00,0.00
Bhutan,BT,BTN,64,2014,Model,,2014,2.20,1.90,2.60,12.00,10.00,14.00,Survey,National,2011,35.00,21.00,52.00,25.00,15.00,37.00,37.00,26.00,48.00
Bolivia (Plurinational State of),BO,BOL,68,2014,Model,,2014,2.50,1.20,3.80,150.00,71.00,230.00,Surveillance,National,2014,10.00,7.70,13.00,59.00,45.00,77.00,210.00,120.00,290.00
"Bonaire, Saint Eustatius and Saba",BQ,BES,535,2014,Model,,2014,2.50,1.20,3.80,0.00,0.00,0.00,Surveillance,National,2011,100.00,2.50,100.00,0.00,0.00,0.00,0.00,0.00,0.00
Bosnia and Herzegovina,BA,BIH,70,2014,Surveillance,National,2013,0.00,0.00,0.57,0.00,0.00,5.00,Surveillance,National,2013,1.60,0.04,8.50,2.00,0.00,9.00,2.00,0.00,5.00
Botswana,BW,BWA,72,2014,Survey,National,2008,2.50,1.50,3.50,100.00,61.00,140.00,Survey,National,2008,6.60,2.40,11.00,56.00,20.00,90.00,160.00,100.00,210.00
Brazil,BR,BRA,76,2014,Survey,Sub-national,2008,1.40,1.00,1.80,820.00,590.00,1100.00,Survey,Sub-national,2008,7.50,5.70,9.90,950.00,720.00,1300.00,1800.00,1400.00,2100.00
British Virgin Islands,VG,VGB,92,2014,Model,,2014,2.50,1.20,3.80,0.00,0.00,0.00,Model,,2014,11.00,6.10,17.00,0.00,0.00,0.00,0.00,0.00,0.00
Brunei Darussalam,BN,BRN,96,2014,Surveillance,National,2014,0.88,0.02,4.80,1.00,0.00,8.00,Surveillance,National,2014,0.00,0.00,52.00,0.00,0.00,3.00,1.00,0.00,4.00
Bulgaria,BG,BGR,100,2014,Surveillance,National,2012,2.30,1.30,3.80,27.00,16.00,44.00,Surveillance,National,2012,23.00,17.00,31.00,45.00,32.00,60.00,72.00,53.00,91.00
Burkina Faso,BF,BFA,854,2014,Model,,2014,1.70,0.30,3.10,77.00,14.00,140.00,Model,,2014,17.00,4.40,30.00,98.00,25.00,170.00,170.00,74.00,280.00
Burundi,BI,BDI,108,2014,Model,,2014,2.20,0.30,4.10,110.00,15.00,200.00,Model,,2014,11.00,6.20,16.00,32.00,18.00,45.00,140.00,42.00,240.00
Cabo Verde,CV,CPV,132,2014,Model,,2014,1.70,0.30,3.10,4.00,1.00,7.00,Model,,2014,17.00,4.40,30.00,5.00,1.00,8.00,8.00,4.00,13.00
Cambodia,KH,KHM,116,2014,Survey,National,2007,1.40,0.70,2.50,330.00,160.00,590.00,Survey,National,2007,11.00,4.00,22.00,200.00,73.00,400.00,520.00,260.00,790.00
Cameroon,CM,CMR,120,2014,Model,,2014,2.20,0.30,4.10,460.00,63.00,860.00,Model,,2014,11.00,6.20,16.00,170.00,98.00,250.00,630.00,220.00,1000.00
Canada,CA,CAN,124,2014,Surveillance,National,2013,1.40,0.70,2.40,,,,Surveillance,National,2013,4.60,0.96,13.00,,,,,,
Cayman Islands,KY,CYM,136,2014,Surveillance,National,2013,0.00,0.00,71.00,0.00,0.00,0.00,Surveillance,National,2013,0.00,0.00,0.00,0.00,0.00,0.00,0.00,0.00,0.00
Central African Republic,CF,CAF,140,2014,Survey,Sub-national,2009,0.40,0.00,2.50,32.00,0.00,200.00,Model,,2014,11.00,6.20,16.00,42.00,24.00,60.00,74.00,0.00,180.00
Chad,TD,TCD,148,2014,Model,,2014,1.70,0.30,3.10,170.00,30.00,310.00,Model,,2014,17.00,4.40,30.00,140.00,36.00,250.00,310.00,120.00,500.00
Chile,CL,CHL,152,2014,Surveillance,National,2014,1.20,0.68,2.10,21.00,12.00,36.00,Surveillance,National,2014,0.56,0.01,3.10,1.00,0.00,7.00,23.00,11.00,34.00
China,CN,CHN,156,2014,Survey,National,2007,5.70,4.50,7.00,43000.00,34000.00,53000.00,Survey,National,2007,26.00,22.00,30.00,8200.00,6900.00,9500.00,52000.00,42000.00,61000.00
"China, Hong Kong SAR",HK,HKG,344,2014,Surveillance,National,2012,0.97,0.59,1.50,33.00,20.00,51.00,Surveillance,National,2012,2.60,0.95,5.50,11.00,4.00,23.00,44.00,27.00,60.00
"China, Macao SAR",MO,MAC,446,2014,Surveillance,National,2014,1.70,0.48,4.40,5.00,2.00,13.00,Surveillance,National,2014,19.00,5.40,42.00,5.00,1.00,10.00,10.00,3.00,17.00
Colombia,CO,COL,170,2014,Survey,National,2005,2.40,1.60,3.60,220.00,140.00,320.00,Surveillance,National,2012,13.00,9.60,17.00,140.00,110.00,180.00,360.00,260.00,450.00
Comoros,KM,COM,174,2014,Model,,2014,1.70,0.30,3.10,2.00,0.00,4.00,Model,,2014,17.00,4.40,30.00,1.00,0.00,2.00,3.00,1.00,5.00
Congo,CG,COG,178,2014,Model,,2014,2.20,0.30,4.10,160.00,22.00,300.00,Model,,2014,11.00,6.20,16.00,41.00,23.00,59.00,200.00,57.00,350.00
Cook Islands,CK,COK,184,2014,Surveillance,National,2013,0.00,0.00,98.00,0.00,0.00,2.00,Surveillance,National,2013,0.00,0.00,0.00,0.00,0.00,0.00,0.00,0.00,2.00
Costa Rica,CR,CRI,188,2014,Survey,National,2006,1.50,0.42,3.80,6.00,2.00,15.00,Surveillance,National,2012,4.50,0.12,23.00,1.00,0.00,4.00,7.00,0.00,13.00
Côte d'Ivoire,CI,CIV,384,2014,Survey,National,2006,2.50,1.10,4.90,430.00,190.00,830.00,Model,,2014,11.00,6.20,16.00,150.00,85.00,220.00,580.00,250.00,900.00
Croatia,HR,HRV,191,2014,Surveillance,National,2014,0.00,0.00,1.30,0.00,0.00,6.00,Surveillance,National,2014,6.90,0.85,23.00,2.00,0.00,8.00,2.00,0.00,6.00
Cuba,CU,CUB,192,2014,Surveillance,National,2012,0.74,0.09,2.70,4.00,1.00,16.00,Surveillance,National,2014,4.20,0.51,14.00,3.00,0.00,9.00,7.00,0.00,14.00
Curaçao,CW,CUW,531,2014,Surveillance,National,2014,0.00,0.00,60.00,0.00,0.00,3.00,Surveillance,National,2014,0.00,0.00,0.00,0.00,0.00,0.00,0.00,0.00,3.00
Cyprus,CY,CYP,196,2014,Surveillance,National,2013,0.00,0.00,15.00,0.00,0.00,5.00,Surveillance,National,2013,100.00,2.50,100.00,3.00,0.00,3.00,3.00,3.00,3.00
Czech Republic,CZ,CZE,203,2014,Surveillance,National,2013,0.00,0.00,1.30,0.00,0.00,5.00,Surveillance,National,2013,0.00,0.00,31.00,0.00,0.00,12.00,0.00,0.00,0.00
Democratic People's Republic of Korea,KP,PRK,408,2014,Survey,Sub-national,2014,1.90,0.80,3.90,1400.00,610.00,3000.00,Survey,Sub-national,2014,15.00,8.80,24.00,2400.00,1400.00,3800.00,3800.00,2200.00,5500.00
Democratic Republic of the Congo,CD,COD,180,2014,Model,,2014,2.20,0.30,4.10,2000.00,270.00,3700.00,Model,,2014,11.00,6.20,16.00,790.00,450.00,1100.00,2800.00,980.00,4500.00
Denmark,DK,DNK,208,2014,Surveillance,National,2013,0.51,0.01,2.80,1.00,0.00,6.00,Surveillance,National,2013,5.00,0.13,25.00,1.00,0.00,7.00,3.00,0.00,6.00
Djibouti,DJ,DJI,262,2014,Model,,2014,1.70,0.30,3.10,18.00,3.00,33.00,Model,,2014,17.00,4.40,30.00,29.00,8.00,51.00,48.00,20.00,75.00
Dominica,DM,DMA,212,2014,Surveillance,National,2013,0.00,0.00,0.00,0.00,0.00,0.00,Surveillance,National,2013,0.00,0.00,0.00,0.00,0.00,0.00,0.00,0.00,0.00
Dominican Republic,DO,DOM,214,2014,Model,,2014,2.50,1.20,3.80,89.00,43.00,140.00,Model,,2014,11.00,6.10,17.00,64.00,34.00,94.00,150.00,95.00,210.00
Ecuador,EC,ECU,218,2014,Survey,National,2002,4.90,3.50,6.70,200.00,140.00,270.00,Surveillance,National,2012,26.00,23.00,29.00,120.00,100.00,130.00,310.00,250.00,380.00
Egypt,EG,EGY,818,2014,Survey,National,2011,3.40,1.90,4.90,160.00,87.00,220.00,Surveillance,National,2013,15.00,12.00,18.00,89.00,72.00,110.00,250.00,180.00,320.00
El Salvador,SV,SLV,222,2014,Survey,National,2001,0.33,0.04,1.20,6.00,1.00,21.00,Surveillance,National,2014,0.00,0.00,4.30,0.00,0.00,6.00,6.00,0.00,16.00
Equatorial Guinea,GQ,GNQ,226,2014,Model,,2014,1.70,0.90,2.60,17.00,9.00,25.00,Model,,2014,13.00,11.00,15.00,12.00,10.00,14.00,28.00,20.00,36.00
Eritrea,ER,ERI,232,2014,Model,,2014,1.70,0.30,3.10,25.00,5.00,46.00,Model,,2014,17.00,4.40,30.00,26.00,7.00,46.00,52.00,21.00,82.00
Estonia,EE,EST,233,2014,Surveillance,National,2014,19.00,14.00,27.00,37.00,26.00,51.00,Surveillance,National,2014,62.00,42.00,79.00,24.00,16.00,31.00,62.00,48.00,75.00
Ethiopia,ET,ETH,231,2014,Survey,National,2005,1.60,0.86,2.80,1300.00,700.00,2300.00,Survey,National,2005,12.00,5.60,21.00,,,,1300.00,700.00,2300.00
Fiji,FJ,FJI,242,2014,Surveillance,National,2006,0.00,0.00,8.20,0.00,0.00,19.00,Surveillance,National,2006,0.00,0.00,98.00,0.00,0.00,34.00,0.00,0.00,0.00
Finland,FI,FIN,246,2014,Surveillance,National,2014,2.70,0.73,6.70,5.00,1.00,12.00,Surveillance,National,2014,20.00,0.51,72.00,2.00,0.00,9.00,7.00,1.00,14.00
France,FR,FRA,250,2014,Surveillance,National,2009,0.45,0.24,0.77,15.00,8.00,25.00,Surveillance,National,2009,13.00,7.40,21.00,41.00,23.00,66.00,56.00,34.00,77.00
French Polynesia,PF,PYF,258,2014,Surveillance,National,2014,0.00,0.00,13.00,0.00,0.00,6.00,Surveillance,National,2014,0.00,0.00,98.00,0.00,0.00,3.00,0.00,0.00,0.00
Gabon,GA,GAB,266,2014,Model,,2014,2.20,0.30,4.10,110.00,15.00,200.00,Model,,2014,11.00,6.20,16.00,100.00,57.00,140.00,210.00,100.00,310.00
Gambia,GM,GMB,270,2014,Survey,National,2000,0.48,0.01,2.60,11.00,0.00,59.00,Survey,National,2000,0.00,0.00,18.00,0.00,0.00,20.00,11.00,0.00,41.00
Georgia,GE,GEO,268,2014,Surveillance,National,2014,12.00,10.00,13.00,250.00,220.00,290.00,Surveillance,National,2014,39.00,35.00,44.00,390.00,350.00,440.00,640.00,590.00,700.00
Germany,DE,DEU,276,2014,Surveillance,National,2014,2.90,1.30,5.70,93.00,40.00,180.00,Surveillance,National,2014,17.00,11.00,25.00,47.00,31.00,69.00,140.00,74.00,210.00
Ghana,GH,GHA,288,2014,Model,,2014,1.70,0.30,3.10,220.00,39.00,400.00,Model,,2014,17.00,4.40,30.00,180.00,46.00,310.00,400.00,160.00,640.00
Greece,GR,GRC,300,2014,Surveillance,National,2010,1.50,0.04,8.00,6.00,0.00,33.00,Surveillance,National,2010,9.10,0.23,41.00,3.00,0.00,14.00,9.00,0.00,22.00
Greenland,GL,GRL,304,2014,Model,,2014,1.70,0.90,2.60,,,,Model,,2014,13.00,11.00,15.00,,,,,,
Grenada,GD,GRD,308,2014,Model,,2014,2.50,1.20,3.80,0.00,0.00,0.00,Model,,2014,11.00,6.10,17.00,0.00,0.00,0.00,0.00,0.00,0.00
Guam,GU,GUM,316,2014,Surveillance,National,2012,0.00,0.00,11.00,0.00,0.00,6.00,Surveillance,National,2012,0.00,0.00,0.00,0.00,0.00,0.00,0.00,0.00,0.00
Guatemala,GT,GTM,320,2014,Survey,National,2002,3.00,1.80,4.60,79.00,49.00,120.00,Survey,National,2002,26.00,20.00,34.00,55.00,41.00,71.00,130.00,95.00,170.00
Guinea,GN,GIN,324,2014,Model,,2014,1.70,0.30,3.10,150.00,26.00,270.00,Model,,2014,17.00,4.40,30.00,81.00,21.00,140.00,230.00,80.00,380.00
Guinea-Bissau,GW,GNB,624,2014,Model,,2014,1.70,0.30,3.10,36.00,6.00,67.00,Model,,2014,17.00,4.40,30.00,8.00,2.00,15.00,45.00,11.00,79.00
Guyana,GY,GUY,328,2014,Model,,2014,2.50,1.20,3.80,11.00,5.00,17.00,Model,,2014,11.00,6.10,17.00,17.00,9.00,25.00,28.00,18.00,38.00
Haiti,HT,HTI,332,2014,Model,,2014,2.50,1.20,3.80,330.00,160.00,500.00,Model,,2014,11.00,6.10,17.00,120.00,66.00,180.00,450.00,260.00,640.00
Honduras,HN,HND,340,2014,Survey,National,2004,1.80,0.76,3.40,38.00,17.00,75.00,Survey,National,2004,12.00,5.80,22.00,25.00,12.00,45.00,63.00,30.00,96.00
Hungary,HU,HUN,348,2014,Surveillance,National,2010,2.50,1.30,4.30,18.00,9.00,31.00,Surveillance,National,2010,8.10,3.30,16.00,8.00,3.00,16.00,26.00,14.00,37.00
Iceland,IS,ISL,352,2014,Surveillance,National,2014,0.00,0.00,71.00,0.00,0.00,4.00,Surveillance,National,2014,0.00,0.00,98.00,0.00,0.00,1.00,0.00,0.00,0.00
India,IN,IND,356,2014,Multiple surveys,,2009,2.20,1.90,2.60,24000.00,21000.00,29000.00,Multiple surveys,,"2006, 2009",15.00,11.00,19.00,47000.00,35000.00,59000.00,71000.00,57000.00,85000.00
Indonesia,ID,IDN,360,2014,Multiple surveys,,2010,1.90,1.40,2.50,5600.00,4200.00,7400.00,Multiple surveys,,"2006, 2010",12.00,8.10,17.00,1100.00,770.00,1600.00,6800.00,5200.00,8400.00
Iran (Islamic Republic of),IR,IRN,364,2014,Survey,National,2014,0.80,0.30,1.40,55.00,21.00,96.00,Survey,National,2014,12.00,6.20,19.00,76.00,38.00,110.00,130.00,79.00,180.00
Iraq,IQ,IRQ,368,2014,Survey,National,2013,1.10,0.30,1.80,51.00,14.00,83.00,Survey,National,2013,20.00,13.00,27.00,110.00,70.00,150.00,160.00,110.00,210.00
Ireland,IE,IRL,372,2014,Surveillance,National,2014,1.60,0.20,5.80,3.00,0.00,11.00,Surveillance,National,2014,0.00,0.00,26.00,0.00,0.00,5.00,3.00,0.00,7.00
Israel,IL,ISR,376,2014,Surveillance,National,2014,6.60,3.50,11.00,17.00,9.00,29.00,Surveillance,National,2014,50.00,6.80,93.00,3.00,0.00,6.00,20.00,11.00,30.00
Italy,IT,ITA,380,2014,Surveillance,National,2012,2.60,1.40,4.60,,,,Surveillance,National,2013,4.20,1.70,8.40,,,,,,
Jamaica,JM,JAM,388,2014,Surveillance,National,2013,2.40,0.06,13.00,2.00,0.00,10.00,Surveillance,National,2013,0.00,0.00,0.00,0.00,0.00,0.00,2.00,0.00,6.00
Japan,JP,JPN,392,2014,Surveillance,National,2002,0.70,0.42,1.10,100.00,60.00,160.00,Surveillance,National,2002,9.80,7.10,13.00,95.00,69.00,130.00,190.00,140.00,250.00
Jordan,JO,JOR,400,2014,Surveillance,National,2009,6.30,2.40,13.00,14.00,5.00,29.00,Surveillance,National,2009,29.00,3.70,71.00,7.00,1.00,18.00,21.00,7.00,35.00
Kazakhstan,KZ,KAZ,398,2014,Surveillance,National,2013,26.00,25.00,27.00,2600.00,2500.00,2700.00,Surveillance,National,2013,58.00,57.00,59.00,2300.00,2200.00,2300.00,4900.00,4800.00,5000.00
Kenya,KE,KEN,404,2014,Model,,2014,2.20,0.30,4.10,1400.00,200.00,2700.00,Surveillance,National,2014,14.00,12.00,15.00,1100.00,930.00,1200.00,2500.00,1200.00,3800.00
Kiribati,KI,KIR,296,2014,Model,,2014,4.50,2.60,6.40,16.00,9.00,22.00,Model,,2014,23.00,20.00,26.00,6.00,6.00,7.00,22.00,15.00,29.00
Kuwait,KW,KWT,414,2014,Surveillance,National,2014,2.20,0.89,4.50,11.00,4.00,22.00,Surveillance,National,2014,0.00,0.00,98.00,0.00,0.00,1.00,11.00,3.00,19.00
Kyrgyzstan,KG,KGZ,417,2014,Survey,National,2011,26.00,23.00,31.00,1100.00,960.00,1300.00,Surveillance,National,2013,55.00,52.00,58.00,850.00,800.00,900.00,2000.00,1800.00,2100.00
Lao People's Democratic Republic,LA,LAO,418,2014,Model,,2014,4.50,2.60,6.40,160.00,95.00,230.00,Model,,2014,23.00,20.00,26.00,64.00,56.00,72.00,230.00,160.00,300.00
Latvia,LV,LVA,428,2014,Surveillance,National,2014,8.20,5.80,11.00,48.00,34.00,64.00,Surveillance,National,2014,30.00,21.00,40.00,37.00,26.00,49.00,84.00,66.00,100.00
Lebanon,LB,LBN,422,2014,Survey,National,2003,1.00,0.13,3.80,5.00,1.00,16.00,Surveillance,National,2013,29.00,3.70,71.00,5.00,1.00,13.00,10.00,0.00,20.00
Lesotho,LS,LSO,426,2014,Survey,National,2014,3.20,2.20,4.10,220.00,150.00,280.00,Survey,National,2014,7.30,4.20,10.00,110.00,66.00,160.00,340.00,260.00,420.00
Liberia,LR,LBR,430,2014,Model,,2014,1.70,0.30,3.10,29.00,5.00,53.00,Model,,2014,17.00,4.40,30.00,11.00,3.00,20.00,40.00,12.00,68.00
Libya,LY,LBY,434,2014,Model,,2014,3.20,2.30,4.10,24.00,17.00,31.00,Model,,2014,17.00,11.00,23.00,7.00,5.00,10.00,31.00,24.00,39.00
Lithuania,LT,LTU,440,2014,Surveillance,National,2014,14.00,12.00,16.00,160.00,140.00,190.00,Surveillance,National,2014,49.00,43.00,55.00,140.00,120.00,160.00,300.00,270.00,340.00
Luxembourg,LU,LUX,442,2014,Surveillance,National,2014,0.00,0.00,0.00,0.00,0.00,0.00,Surveillance,National,2014,0.00,0.00,0.00,0.00,0.00,0.00,0.00,0.00,0.00
Madagascar,MG,MDG,450,2014,Survey,National,2007,0.49,0.13,1.30,100.00,27.00,260.00,Survey,National,2007,3.90,0.48,13.00,93.00,11.00,320.00,200.00,5.00,380.00
Malawi,MW,MWI,454,2014,Survey,National,2011,0.42,0.14,0.97,47.00,16.00,110.00,Survey,National,2011,4.80,3.20,6.90,97.00,65.00,140.00,140.00,86.00,200.00
Malaysia,MY,MYS,458,2014,Surveillance,National,2014,0.40,0.24,0.63,80.00,48.00,120.00,Surveillance,National,2014,1.10,0.24,3.30,20.00,4.00,56.00,99.00,57.00,140.00
Maldives,MV,MDV,462,2014,Model,,2014,2.20,1.90,2.60,2.00,2.00,2.00,Model,,2014,16.00,14.00,18.00,0.00,0.00,0.00,2.00,2.00,2.00
Mali,ML,MLI,466,2014,Model,,2014,1.70,0.30,3.10,75.00,13.00,140.00,Model,,2014,17.00,4.40,30.00,57.00,15.00,99.00,130.00,51.00,210.00
Malta,MT,MLT,470,2014,Surveillance,National,2012,0.00,0.00,25.00,0.00,0.00,8.00,Surveillance,National,2014,0.00,0.00,98.00,0.00,0.00,1.00,0.00,0.00,0.00
Marshall Islands,MH,MHL,584,2014,Surveillance,National,2014,0.00,0.00,8.00,0.00,0.00,8.00,Surveillance,National,2014,0.00,0.00,41.00,0.00,0.00,7.00,0.00,0.00,0.00
Mauritania,MR,MRT,478,2014,Model,,2014,1.70,0.30,3.10,29.00,5.00,53.00,Model,,2014,17.00,4.40,30.00,23.00,6.00,41.00,52.00,21.00,84.00
Mauritius,MU,MUS,480,2014,Surveillance,National,2014,0.00,0.00,3.20,0.00,0.00,4.00,Surveillance,National,2014,33.00,0.84,91.00,1.00,0.00,3.00,1.00,0.00,3.00
Mexico,MX,MEX,484,2014,Survey,National,2009,2.40,2.10,2.80,390.00,340.00,450.00,Survey,National,2009,6.50,5.10,7.80,110.00,84.00,130.00,500.00,440.00,560.00
Micronesia (Federated States of),FM,FSM,583,2014,Model,,2014,4.50,2.60,6.40,7.00,4.00,10.00,Model,,2014,23.00,20.00,26.00,0.00,0.00,0.00,8.00,4.00,11.00
Monaco,MC,MCO,492,2014,Model,,2014,1.70,0.90,2.60,,,,Model,,2014,13.00,11.00,15.00,,,,,,
Mongolia,MN,MNG,496,2014,Survey,National,2007,1.40,0.70,2.50,35.00,17.00,62.00,Surveillance,National,2013,34.00,29.00,38.00,190.00,160.00,210.00,220.00,190.00,250.00
Montenegro,ME,MNE,499,2014,Surveillance,National,2014,0.00,0.00,5.70,0.00,0.00,5.00,Surveillance,National,2014,40.00,5.30,85.00,4.00,0.00,8.00,4.00,0.00,8.00
Montserrat,MS,MSR,500,2014,Model,,2014,2.50,1.20,3.80,0.00,0.00,0.00,Model,,2014,11.00,6.10,17.00,0.00,0.00,0.00,0.00,0.00,0.00
Morocco,MA,MAR,504,2014,Survey,National,2014,1.00,0.30,1.70,150.00,44.00,250.00,Survey,National,2014,8.70,4.80,13.00,190.00,100.00,270.00,340.00,210.00,470.00
Mozambique,MZ,MOZ,508,2014,Survey,National,2007,3.50,2.20,4.80,1700.00,1100.00,2300.00,Survey,National,2007,11.00,0.00,25.00,460.00,0.00,1000.00,2100.00,1300.00,2900.00
Myanmar,MM,MMR,104,2014,Survey,National,2013,5.00,3.10,6.80,5600.00,3500.00,7700.00,Survey,National,2013,27.00,15.00,39.00,3400.00,1900.00,4900.00,9000.00,6500.00,12000.00
Namibia,NA,NAM,516,2014,Survey,National,2008,3.80,2.70,5.10,240.00,170.00,320.00,Survey,National,2008,16.00,13.00,21.00,340.00,260.00,420.00,580.00,470.00,690.00
Nauru,NR,NRU,520,2014,Model,,2014,4.50,2.60,6.40,0.00,0.00,0.00,Model,,2014,23.00,20.00,26.00,0.00,0.00,0.00,0.00,0.00,0.00
Nepal,NP,NPL,524,2014,Survey,National,2011,2.20,1.30,3.80,540.00,320.00,930.00,Survey,National,2011,15.00,10.00,23.00,620.00,410.00,920.00,1200.00,770.00,1500.00
Netherlands,NL,NLD,528,2014,Surveillance,National,2014,0.92,0.19,2.70,4.00,1.00,12.00,Surveillance,National,2014,13.00,0.32,53.00,2.00,0.00,8.00,6.00,0.00,12.00
New Caledonia,NC,NCL,540,2014,Surveillance,National,2014,0.00,0.00,28.00,0.00,0.00,4.00,Surveillance,National,2014,0.00,0.00,84.00,0.00,0.00,2.00,0.00,0.00,0.00
New Zealand,NZ,NZL,554,2014,Surveillance,National,2012,0.90,0.11,3.20,2.00,0.00,6.00,Surveillance,National,2012,17.00,2.10,48.00,2.00,0.00,4.00,3.00,0.00,6.00
Nicaragua,NI,NIC,558,2014,Survey,National,2006,0.63,0.08,2.20,14.00,2.00,48.00,Surveillance,National,2010,11.00,6.20,17.00,36.00,21.00,56.00,50.00,21.00,78.00
Niger,NE,NER,562,2014,Model,,2014,1.70,0.30,3.10,150.00,26.00,270.00,Model,,2014,17.00,4.40,30.00,110.00,27.00,190.00,260.00,97.00,410.00
Nigeria,NG,NGA,566,2014,Survey,National,2010,2.90,2.10,4.00,2300.00,1700.00,3200.00,Survey,National,2010,14.00,10.00,19.00,1000.00,750.00,1400.00,3300.00,2500.00,4200.00
Niue,NU,NIU,570,2014,Model,,2014,4.50,2.60,6.40,0.00,0.00,0.00,Model,,2014,23.00,20.00,26.00,0.00,0.00,0.00,0.00,0.00,0.00
Northern Mariana Islands,MP,MNP,580,2014,Surveillance,National,2014,5.30,0.13,26.00,1.00,0.00,7.00,Surveillance,National,2014,0.00,0.00,98.00,0.00,0.00,1.00,1.00,0.00,4.00
Norway,NO,NOR,578,2014,Surveillance,National,2013,2.20,0.61,5.60,6.00,2.00,15.00,Surveillance,National,2013,5.90,0.15,29.00,1.00,0.00,6.00,7.00,1.00,14.00
Oman,OM,OMN,512,2014,Surveillance,National,2014,2.60,0.96,5.60,6.00,2.00,13.00,Surveillance,National,2014,0.00,0.00,41.00,0.00,0.00,3.00,6.00,1.00,11.00
Pakistan,PK,PAK,586,2014,Survey,National,2013,3.70,2.50,5.00,9000.00,6100.00,12000.00,Survey,National,2013,18.00,13.00,23.00,2900.00,2100.00,3700.00,12000.00,8800.00,15000.00
Palau,PW,PLW,585,2014,Surveillance,National,2013,0.00,0.00,41.00,0.00,0.00,5.00,Surveillance,National,2013,0.00,0.00,0.00,0.00,0.00,0.00,0.00,0.00,5.00
Panama,PA,PAN,591,2014,Model,,2014,2.50,1.20,3.80,27.00,13.00,41.00,Model,,2014,11.00,6.10,17.00,18.00,10.00,26.00,45.00,28.00,61.00
Papua New Guinea,PG,PNG,598,2014,Survey,Sub-national,2014,2.70,1.10,4.30,390.00,160.00,630.00,Survey,Sub-national,2014,19.00,8.50,30.00,500.00,220.00,780.00,890.00,540.00,1200.00
Paraguay,PY,PRY,600,2014,Survey,National,2008,0.30,0.00,1.70,6.00,0.00,31.00,Survey,National,2008,15.00,6.10,28.00,55.00,23.00,100.00,60.00,18.00,100.00
Peru,PE,PER,604,2014,Surveillance,National,2014,5.30,4.90,5.70,1200.00,1100.00,1300.00,Surveillance,National,2014,20.00,19.00,22.00,800.00,750.00,860.00,2000.00,1900.00,2100.00
Philippines,PH,PHL,608,2014,Survey,National,2012,2.00,1.40,2.70,4600.00,3300.00,6300.00,Survey,National,2012,21.00,16.00,29.00,6500.00,4700.00,8700.00,11000.00,8600.00,13000.00
Poland,PL,POL,616,2014,Surveillance,National,2014,0.44,0.26,0.70,25.00,15.00,40.00,Surveillance,National,2014,4.40,2.60,6.80,27.00,16.00,42.00,52.00,35.00,69.00
Portugal,PT,PRT,620,2014,Surveillance,National,2012,0.98,0.51,1.70,15.00,8.00,25.00,Surveillance,National,2012,4.90,1.60,11.00,7.00,2.00,15.00,21.00,11.00,31.00
Puerto Rico,PR,PRI,630,2014,Surveillance,National,2014,0.00,0.00,9.30,0.00,0.00,4.00,Surveillance,National,2014,0.00,0.00,0.00,0.00,0.00,0.00,0.00,0.00,4.00
Qatar,QA,QAT,634,2014,Surveillance,National,2014,1.30,0.16,4.70,2.00,0.00,7.00,Model,National,2014,13.00,11.00,15.00,0.00,0.00,0.00,2.00,0.00,7.00
Republic of Korea,KR,KOR,410,2014,Survey,National,2004,2.70,2.10,3.40,760.00,590.00,960.00,Survey,National,2004,14.00,10.00,19.00,1000.00,740.00,1400.00,1800.00,1400.00,2100.00
Republic of Moldova,MD,MDA,498,2014,Surveillance,National,2012,24.00,21.00,26.00,690.00,630.00,760.00,Surveillance,National,2012,62.00,59.00,65.00,830.00,790.00,870.00,1500.00,1400.00,1600.00
Romania,RO,ROU,642,2014,Survey,National,2004,2.80,1.80,4.20,290.00,190.00,430.00,Survey,National,2004,11.00,8.00,15.00,360.00,270.00,480.00,650.00,490.00,810.00
Russian Federation,RU,RUS,643,2014,Oblasts,,2013,19.00,14.00,25.00,15000.00,11000.00,19000.00,Oblasts,,2013,49.00,40.00,59.00,24000.00,19000.00,29000.00,39000.00,33000.00,45000.00
Rwanda,RW,RWA,646,2014,Surveillance,National,2014,2.20,1.40,3.20,99.00,64.00,150.00,Surveillance,National,2014,5.10,1.70,11.00,31.00,10.00,70.00,130.00,83.00,180.00
Saint Kitts and Nevis,KN,KNA,659,2014,Model,,2014,1.70,0.90,2.60,0.00,0.00,0.00,Model,,2014,13.00,11.00,15.00,0.00,0.00,0.00,0.00,0.00,0.00
Saint Lucia,LC,LCA,662,2014,Surveillance,National,2013,0.00,0.00,0.00,0.00,0.00,0.00,Surveillance,National,2013,0.00,0.00,0.00,0.00,0.00,0.00,0.00,0.00,0.00
Saint Vincent and the Grenadines,VC,VCT,670,2014,Model,,2014,2.50,1.20,3.80,0.00,0.00,0.00,Surveillance,National,2014,0.00,0.00,0.00,0.00,0.00,0.00,0.00,0.00,0.00
Samoa,WS,WSM,882,2014,Surveillance,National,2013,0.00,0.00,28.00,0.00,0.00,5.00,Surveillance,National,2013,0.00,0.00,0.00,0.00,0.00,0.00,0.00,0.00,0.00
San Marino,SM,SMR,674,2014,Model,,2014,1.70,0.90,2.60,,,,Model,,2014,13.00,11.00,15.00,,,,,,
Sao Tome and Principe,ST,STP,678,2014,Model,,2014,1.70,0.30,3.10,2.00,0.00,4.00,Surveillance,National,2012,88.00,47.00,100.00,16.00,9.00,18.00,18.00,13.00,22.00
Saudi Arabia,SA,SAU,682,2014,Survey,National,2010,1.80,1.40,2.40,42.00,33.00,56.00,Survey,National,2010,16.00,12.00,21.00,29.00,22.00,38.00,72.00,58.00,86.00
Senegal,SN,SEN,686,2014,Survey,National,2014,0.40,0.00,0.80,43.00,0.00,86.00,Survey,National,2014,16.00,9.30,23.00,190.00,110.00,280.00,240.00,150.00,330.00
Serbia,RS,SRB,688,2014,Surveillance,National,2013,0.85,0.31,1.80,11.00,4.00,25.00,Surveillance,National,2013,4.70,1.30,11.00,7.00,2.00,16.00,18.00,7.00,29.00
Seychelles,SC,SYC,690,2014,Surveillance,National,2014,0.00,0.00,41.00,0.00,0.00,3.00,Surveillance,National,2014,0.00,0.00,0.00,0.00,0.00,0.00,0.00,0.00,3.00
Sierra Leone,SL,SLE,694,2014,Model,,2014,1.70,0.30,3.10,200.00,35.00,360.00,Model,,2014,17.00,4.40,30.00,89.00,23.00,160.00,290.00,93.00,480.00
Singapore,SG,SGP,702,2014,Surveillance,National,2014,1.10,0.54,1.90,19.00,9.00,33.00,Surveillance,National,2014,1.30,0.03,7.10,2.00,0.00,10.00,20.00,9.00,32.00
Sint Maarten (Dutch part),SX,SXM,534,2014,Model,,2014,1.70,0.90,2.60,0.00,0.00,0.00,Model,,2014,13.00,11.00,15.00,0.00,0.00,0.00,0.00,0.00,0.00
Slovakia,SK,SVK,703,2014,Surveillance,National,2012,0.00,0.00,2.60,0.00,0.00,6.00,Surveillance,National,2012,3.70,0.09,19.00,2.00,0.00,8.00,2.00,0.00,5.00
Slovenia,SI,SVN,705,2014,Surveillance,National,2014,0.00,0.00,4.10,0.00,0.00,4.00,Surveillance,National,2014,0.00,0.00,41.00,0.00,0.00,3.00,0.00,0.00,0.00
Solomon Islands,SB,SLB,90,2014,Model,,2014,4.50,2.60,6.40,10.00,6.00,14.00,Surveillance,National,2014,0.00,0.00,0.00,0.00,0.00,0.00,10.00,6.00,14.00
Somalia,SO,SOM,706,2014,Survey,National,2011,5.20,2.70,7.70,500.00,260.00,740.00,Survey,National,2011,41.00,23.00,58.00,270.00,160.00,390.00,770.00,510.00,1000.00
South Africa,ZA,ZAF,710,2014,Survey,National,2002,1.80,1.40,2.30,4700.00,3700.00,5900.00,Survey,National,2002,6.70,5.40,8.20,1500.00,1200.00,1800.00,6200.00,5100.00,7300.00
South Sudan,SS,SSD,728,2014,Model,,2014,2.20,0.30,4.10,140.00,19.00,260.00,Model,,2014,11.00,6.20,16.00,85.00,48.00,120.00,230.00,95.00,360.00
Spain,ES,ESP,724,2014,Multiple surveys,,2005,0.22,0.03,0.80,8.00,1.00,28.00,Multiple surveys,,"2001, 2005",7.10,3.30,13.00,16.00,8.00,30.00,24.00,9.00,39.00
Sri Lanka,LK,LKA,144,2014,Survey,National,2006,0.18,0.00,0.99,11.00,0.00,62.00,Surveillance,National,2013,0.58,0.07,2.10,3.00,0.00,10.00,14.00,0.00,45.00
Sudan,SD,SDN,729,2014,Model,,2014,1.70,0.30,3.10,240.00,42.00,440.00,Model,,2014,17.00,4.40,30.00,300.00,78.00,530.00,540.00,230.00,860.00
Suriname,SR,SUR,740,2014,Model,,2014,2.50,1.20,3.80,3.00,1.00,4.00,Model,,2014,11.00,6.10,17.00,2.00,1.00,3.00,5.00,3.00,6.00
Swaziland,SZ,SWZ,748,2014,Survey,National,2009,7.70,4.80,11.00,320.00,200.00,440.00,Survey,National,2009,34.00,28.00,39.00,120.00,100.00,140.00,440.00,320.00,560.00
Sweden,SE,SWE,752,2014,Surveillance,National,2014,3.00,1.40,5.60,11.00,5.00,20.00,Surveillance,National,2014,11.00,1.30,33.00,4.00,1.00,13.00,15.00,6.00,24.00
Switzerland,CH,CHE,756,2014,Surveillance,National,2014,3.10,1.00,7.00,9.00,3.00,21.00,Surveillance,National,2014,14.00,4.00,33.00,7.00,2.00,16.00,16.00,6.00,27.00
Syrian Arab Republic,SY,SYR,760,2014,Survey,National,2003,6.20,3.90,9.30,99.00,62.00,150.00,Surveillance,National,2011,31.00,21.00,44.00,49.00,33.00,68.00,150.00,100.00,190.00
Tajikistan,TJ,TJK,762,2014,Surveillance,National,2014,8.10,6.90,9.40,290.00,250.00,340.00,Surveillance,National,2014,52.00,47.00,57.00,590.00,530.00,650.00,880.00,810.00,950.00
Thailand,TH,THA,764,2014,Survey,National,2012,2.00,1.40,2.80,1100.00,780.00,1600.00,Survey,National,2012,19.00,14.00,25.00,1100.00,800.00,1500.00,2200.00,1700.00,2700.00
The Former Yugoslav Republic of Macedonia,MK,MKD,807,2014,Surveillance,National,2014,1.40,0.17,4.90,3.00,0.00,10.00,Surveillance,National,2014,0.00,0.00,20.00,0.00,0.00,4.00,3.00,0.00,6.00
Timor-Leste,TL,TLS,626,2014,Model,,2014,2.20,1.90,2.60,67.00,58.00,80.00,Model,,2014,16.00,14.00,18.00,32.00,28.00,35.00,99.00,87.00,110.00
Togo,TG,TGO,768,2014,Model,,2014,1.70,0.30,3.10,35.00,6.00,64.00,Surveillance,National,2013,26.00,15.00,40.00,42.00,24.00,65.00,77.00,39.00,120.00
Tokelau,TK,TKL,772,2014,Model,,2014,4.50,2.60,6.40,0.00,0.00,0.00,Model,,2014,23.00,20.00,26.00,0.00,0.00,0.00,0.00,0.00,0.00
Tonga,TO,TON,776,2014,Model,,2014,4.50,2.60,6.40,1.00,0.00,1.00,Model,,2014,23.00,20.00,26.00,0.00,0.00,0.00,1.00,0.00,1.00
Trinidad and Tobago,TT,TTO,780,2014,Model,,2014,1.70,0.90,2.60,4.00,2.00,6.00,Model,,2014,13.00,11.00,15.00,7.00,6.00,8.00,10.00,8.00,12.00
Tunisia,TN,TUN,788,2014,Survey,National,2012,0.80,0.00,1.70,10.00,0.00,22.00,Survey,National,2012,12.00,4.50,19.00,9.00,3.00,14.00,19.00,7.00,30.00
Turkey,TR,TUR,792,2014,Surveillance,National,2013,2.50,2.10,3.00,190.00,160.00,230.00,Surveillance,National,2013,18.00,15.00,21.00,170.00,140.00,200.00,360.00,320.00,410.00
Turkmenistan,TM,TKM,795,2014,Survey,National,2013,14.00,11.00,17.00,270.00,220.00,330.00,Survey,National,2013,38.00,30.00,45.00,180.00,150.00,220.00,450.00,390.00,520.00
Turks and Caicos Islands,TC,TCA,796,2014,Model,,2014,1.70,0.90,2.60,0.00,0.00,0.00,Model,,2014,13.00,11.00,15.00,0.00,0.00,0.00,0.00,0.00,0.00
Tuvalu,TV,TUV,798,2014,Model,,2014,4.50,2.60,6.40,1.00,0.00,1.00,Model,,2014,23.00,20.00,26.00,0.00,0.00,0.00,1.00,1.00,1.00
Uganda,UG,UGA,800,2014,Survey,National,2011,1.40,0.60,2.20,530.00,230.00,830.00,Survey,National,2011,12.00,6.80,19.00,480.00,270.00,770.00,1000.00,620.00,1400.00
Ukraine,UA,UKR,804,2014,Survey,National,2014,22.00,20.00,24.00,5200.00,4600.00,5700.00,Survey,National,2014,56.00,50.00,61.00,7800.00,7000.00,8500.00,13000.00,12000.00,14000.00
United Arab Emirates,AE,ARE,784,2014,Model,,2014,1.70,0.90,2.60,1.00,0.00,1.00,Surveillance,National,2013,0.00,0.00,52.00,0.00,0.00,3.00,1.00,0.00,1.00
United Kingdom of Great Britain and Northern Ireland,GB,GBR,826,2014,Surveillance,National,2014,1.20,0.81,1.70,43.00,29.00,61.00,Surveillance,National,2014,3.60,1.30,7.70,17.00,6.00,35.00,59.00,39.00,79.00
United Republic of Tanzania,TZ,TZA,834,2014,Survey,National,2007,1.10,0.50,2.00,520.00,230.00,940.00,Survey,National,2007,3.10,0.90,7.90,80.00,23.00,200.00,600.00,240.00,950.00
United States of America,US,USA,840,2014,Surveillance,National,2014,1.10,0.84,1.40,78.00,59.00,100.00,Surveillance,National,2014,7.40,4.70,11.00,34.00,21.00,50.00,110.00,88.00,140.00
Uruguay,UY,URY,858,2014,Surveillance,National,2012,0.00,0.00,0.79,0.00,0.00,6.00,Surveillance,National,2012,2.40,0.06,13.00,2.00,0.00,11.00,2.00,0.00,6.00
US Virgin Islands,VI,VIR,850,2014,Model,,2014,1.70,0.90,2.60,,,,Model,,2014,13.00,11.00,15.00,,,,,,
Uzbekistan,UZ,UZB,860,2014,Survey,National,2011,23.00,18.00,29.00,2500.00,1900.00,3100.00,Survey,National,2011,62.00,52.00,71.00,4600.00,3900.00,5200.00,7000.00,6100.00,7900.00
Vanuatu,VU,VUT,548,2014,Surveillance,National,2006,0.00,0.00,12.00,0.00,0.00,7.00,Model,,2014,23.00,20.00,26.00,0.00,0.00,0.00,0.00,0.00,0.00
Venezuela (Bolivarian Republic of),VE,VEN,862,2014,Model,,2014,1.70,0.90,2.60,85.00,45.00,130.00,Model,,2014,13.00,11.00,15.00,70.00,58.00,81.00,150.00,110.00,200.00
Viet Nam,VN,VNM,704,2014,Survey,National,2012,4.00,2.50,5.40,3000.00,1900.00,4100.00,Survey,National,2012,23.00,17.00,30.00,2100.00,1500.00,2600.00,5100.00,3900.00,6300.00
Wallis and Futuna Islands,WF,WLF,876,2014,Model,,2014,4.50,2.60,6.40,0.00,0.00,0.00,Model,,2014,23.00,20.00,26.00,0.00,0.00,0.00,0.00,0.00,0.00
West Bank and Gaza Strip,PS,PSE,275,2014,Model,,2014,3.20,2.30,4.10,1.00,1.00,1.00,Model,,2014,17.00,11.00,23.00,1.00,0.00,1.00,2.00,1.00,2.00
Yemen,YE,YEM,887,2014,Survey,National,2011,1.70,0.50,3.00,100.00,30.00,180.00,Survey,National,2011,15.00,8.10,22.00,38.00,21.00,56.00,140.00,65.00,220.00
Zambia,ZM,ZMB,894,2014,Survey,National,2008,0.30,0.04,1.20,83.00,11.00,330.00,Survey,National,2008,8.10,4.10,14.00,530.00,270.00,910.00,610.00,260.00,960.00
Zimbabwe,ZW,ZWE,716,2014,Model,,2014,2.20,0.30,4.10,540.00,73.00,1000.00,Model,,2014,11.00,6.20,16.00,410.00,230.00,590.00,940.00,430.00,1500.00
